module,skill,display-name,menu-code,description,action,args,phase,preceded-by,followed-by,required,output-location,outputs
Creative Intelligence Suite,_meta,,,,,,,,,false,https://cis-docs.bmad-method.org/llms.txt,
Creative Intelligence Suite,bmad-cis-innovation-strategy,Innovation Strategy,IS,Identify disruption opportunities and architect business model innovation.,,,anytime,,,false,output_folder,innovation strategy
Creative Intelligence Suite,bmad-cis-problem-solving,Problem Solving,PS,Apply systematic problem-solving methodologies to crack complex challenges.,,,anytime,,,false,output_folder,problem solution
Creative Intelligence Suite,bmad-cis-design-thinking,Design Thinking,DT,Guide human-centered design processes using empathy-driven methodologies.,,,anytime,,,false,output_folder,design thinking
Creative Intelligence Suite,bmad-brainstorming,Brainstorming,BS,Facilitate brainstorming sessions using one or more techniques.,,,anytime,,,false,output_folder,brainstorming session results
Creative Intelligence Suite,bmad-cis-storytelling,Storytelling,ST,Craft compelling narratives using proven story frameworks and techniques.,,,anytime,,,false,output_folder,narrative/story
Test Architecture Enterprise,_meta,,,,,,,,,false,https://bmad-code-org.github.io/bmad-method-test-architecture-enterprise/llms.txt,
Test Architecture Enterprise,bmad-teach-me-testing,Teach Me Testing,TMT,Teach testing fundamentals through 7 sessions (TEA Academy).,,,0-learning,,,false,test_artifacts,progress file|session notes|certificate
Test Architecture Enterprise,bmad-testarch-test-design,Test Design,TD,Risk-based test planning.,,,3-solutioning,,bmad-testarch-framework,false,test_artifacts,test design document
Test Architecture Enterprise,bmad-testarch-framework,Test Framework,TF,Initialize production-ready test framework.,,,3-solutioning,bmad-testarch-test-design,bmad-testarch-ci,false,test_artifacts,framework scaffold
Test Architecture Enterprise,bmad-testarch-ci,CI Setup,CI,Configure CI/CD quality pipeline.,,,3-solutioning,bmad-testarch-framework,,false,test_artifacts,ci config
Test Architecture Enterprise,bmad-testarch-atdd,ATDD,AT,Generate red-phase acceptance test scaffolds before implementation.,,,4-implementation,bmad-create-story:create,bmad-dev-story,false,test_artifacts,atdd-checklist|red-phase acceptance tests
Test Architecture Enterprise,bmad-testarch-automate,Test Automation,TA,Expand test coverage.,,,4-implementation,bmad-testarch-atdd,,false,test_artifacts,test suite
Test Architecture Enterprise,bmad-testarch-test-review,Test Review,RV,Quality audit (0-100 scoring).,,,4-implementation,bmad-testarch-automate,,false,test_artifacts,review report
Test Architecture Enterprise,bmad-testarch-nfr,NFR Evidence Audit,NR,Audit non-functional requirement evidence.,,,4-implementation,bmad-testarch-automate,,false,test_artifacts,nfr report
Test Architecture Enterprise,bmad-testarch-trace,Traceability,TR,Coverage traceability and gate.,,,4-implementation,bmad-testarch-test-review,,false,test_artifacts,traceability matrix|gate decision
Web Design Studio,bmad-wds-idun,Wake Idun,IDUN,Setup and governance agent. Interviews org to configure Agent Space and authority model.,,,0-wds-agents,,,false,,
Web Design Studio,bmad-wds-saga,Wake Saga,SAGA,Strategic Analyst agent for Phases 1-2. Scans repos and offers next steps.,,,0-wds-agents,,,false,,
Web Design Studio,bmad-wds-freya,Wake Freya,FREYA,UX Designer agent for Phases 3-4. Checks prerequisites and offers next steps.,,,0-wds-agents,,,false,,
Web Design Studio,bmad-wds-alignment,Alignment & Signoff,AS,Stakeholder buy-in pitch and service agreement. Skip if building your own product.,,,0-wds-pitch,,,false,design_artifacts/A-Product-Brief,pitch service-agreement signoff
Web Design Studio,bmad-wds-project-brief,Project Brief,PB,Define product vision positioning and success criteria. Every design decision traces back to this.,,,1-wds-strategy,,,true,design_artifacts/A-Product-Brief,project-brief.md
Web Design Studio,bmad-wds-trigger-mapping,Trigger Mapping,TM,Map business goals to user psychology. Create personas and score features against driving forces.,,,1-wds-strategy,bmad-wds-project-brief,,true,design_artifacts/B-Trigger-Map,trigger-map.md personas/ feature-impact-analysis.md
Web Design Studio,bmad-wds-platform-requirements,Platform Requirements,PR,Technical boundaries: platforms devices integrations constraints. Skip for simple landing pages.,,,1-wds-strategy,bmad-wds-project-brief,,false,design_artifacts/A-Product-Brief,platform-requirements.md
Web Design Studio,bmad-wds-outline-scenarios,Outline Scenarios,OS,Define user journeys as persona+goal+outcome. Each connects to a Trigger Map driving force.,,,2-wds-design,bmad-wds-trigger-mapping,,true,design_artifacts/C-UX-Scenarios,scenario-overview.md
Web Design Studio,bmad-wds-conceptual-sketching,Conceptual Sketching,CS,Fast rough visual exploration before detailed specification. Skip for straightforward scenarios.,,,2-wds-design,bmad-wds-outline-scenarios,,false,design_artifacts/C-UX-Scenarios,sketches
Web Design Studio,bmad-wds-storyboarding,Storyboarding,SB,Sequence the user journey through screens with entry points transitions and error paths. Skip for simple scenarios.,,,2-wds-design,bmad-wds-outline-scenarios,,false,design_artifacts/C-UX-Scenarios,storyboards
Web Design Studio,bmad-wds-conceptual-specs,Conceptual Specifications,SP,Document every design decision for every element on every page. Developers build directly from this.,,,2-wds-design,bmad-wds-outline-scenarios,,true,design_artifacts/C-UX-Scenarios,page-specs scenario-specs
Web Design Studio,bmad-wds-functional-components,Functional Components,FI,Extract reusable patterns from specs into component definitions. Skip if Design System Mode None.,,,2-wds-design,bmad-wds-conceptual-specs,,false,design_artifacts/C-UX-Scenarios,component-candidates
Web Design Studio,bmad-wds-visual-design,Visual Design,VD,Transform specs into styled HTML prototypes with Figma round-trips.,,,2-wds-design,bmad-wds-conceptual-specs,,false,design_artifacts/C-UX-Scenarios,html-prototypes visual-designs
Web Design Studio,bmad-wds-design-system,Design System,DS,Manage component library and design tokens. Skip if Design System Mode None.,,,2-wds-design,bmad-wds-functional-components,,false,design_artifacts/D-Design-System,components/ design-tokens.md
Web Design Studio,bmad-wds-design-delivery,Design Delivery,DD,Validate specs are complete and package as DD yaml files for development handoff.,,,2-wds-design,bmad-wds-conceptual-specs,,true,design_artifacts/E-Development,delivery-package acceptance-criteria
Web Design Studio,bmad-wds-agentic-development,Agentic Development,AD,Iterative build-verify cycle with design log tracking and browser verification.,,,3-wds-build,bmad-wds-design-delivery,,false,_progress/agent-experiences,experience-documents
Web Design Studio,bmad-wds-usability-testing,Acceptance Testing,AT,Test on real users in their environment with retrospective think-aloud sessions.,,,3-wds-build,bmad-wds-agentic-development,,false,design_artifacts/E-Development,test-results findings
Web Design Studio,bmad-wds-product-evolution,Product Evolution,PE,Continuous improvement: feedback to Trigger Map to spec update to code to verify.,,,3-wds-build,bmad-wds-usability-testing,,false,design_artifacts,updated-artifacts